timestamp;total;EMERALDS;TOMATOES
0;0.0;0.0;0.0
100;0.0;0.0;0.0
200;0.0;0.0;0.0
300;0.0;0.0;0.0
400;0.0;0.0;0.0
500;0.0;0.0;0.0
600;0.0;0.0;0.0
700;0.0;0.0;0.0
800;0.0;0.0;0.0
900;0.0;0.0;0.0
1000;0.0;0.0;0.0
1100;0.0;0.0;0.0
1200;0.0;0.0;0.0
1300;0.0;0.0;0.0
1400;0.0;0.0;0.0
1500;0.0;0.0;0.0
1600;0.0;0.0;0.0
1700;0.0;0.0;0.0
1800;0.0;0.0;0.0
1900;0.0;0.0;0.0
2000;0.0;0.0;0.0
2100;0.0;0.0;0.0
2200;0.0;0.0;0.0
2300;0.0;0.0;0.0
2400;0.0;0.0;0.0
2500;0.0;0.0;0.0
2600;0.0;0.0;0.0
2700;0.0;0.0;0.0
2800;0.0;0.0;0.0
2900;18.0;0.0;18.0
3000;15.0;0.0;15.0
3100;15.0;0.0;15.0
3200;13.5;0.0;13.5
3300;33.0;0.0;33.0
3400;30.0;0.0;30.0
3500;24.0;0.0;24.0
3600;24.0;0.0;24.0
3700;6.0;0.0;6.0
3800;21.0;0.0;21.0
3900;48.0;0.0;48.0
4000;30.0;0.0;30.0
4100;30.0;0.0;30.0
4200;6.0;0.0;6.0
4300;24.0;0.0;24.0
4400;24.0;0.0;24.0
4500;27.0;0.0;27.0
4600;27.0;0.0;27.0
4700;27.0;0.0;27.0
4800;27.0;0.0;27.0
4900;27.0;0.0;27.0
5000;30.0;0.0;30.0
5100;30.0;0.0;30.0
5200;30.0;0.0;30.0
5300;30.0;0.0;30.0
5400;12.0;0.0;12.0
5500;30.0;0.0;30.0
5600;30.0;0.0;30.0
5700;27.0;0.0;27.0
5800;24.0;0.0;24.0
5900;95.0;56.0;39.0
6000;83.0;56.0;27.0
6100;65.0;56.0;9.0
6200;86.0;56.0;30.0
6300;83.0;56.0;27.0
6400;101.0;56.0;45.0
6500;83.0;56.0;27.0
6600;86.0;56.0;30.0
6700;86.0;56.0;30.0
6800;92.0;56.0;36.0
6900;89.0;56.0;33.0
7000;107.0;56.0;51.0
7100;98.0;56.0;42.0
7200;95.0;56.0;39.0
7300;95.0;56.0;39.0
7400;95.0;56.0;39.0
7500;98.0;56.0;42.0
7600;101.0;56.0;45.0
7700;101.0;56.0;45.0
7800;98.0;56.0;42.0
7900;104.0;56.0;48.0
8000;104.0;56.0;48.0
8100;107.0;56.0;51.0
8200;107.0;56.0;51.0
8300;107.0;56.0;51.0
8400;81.0;24.0;57.0
8500;113.0;56.0;57.0
8600;113.0;56.0;57.0
8700;116.0;56.0;60.0
8800;116.0;56.0;60.0
8900;113.0;56.0;57.0
9000;113.0;56.0;57.0
9100;142.0;88.0;54.0
9200;113.0;56.0;57.0
9300;113.0;56.0;57.0
9400;110.0;56.0;54.0
9500;110.0;56.0;54.0
9600;107.0;56.0;51.0
9700;152.0;98.0;54.0
9800;152.0;98.0;54.0
9900;152.0;98.0;54.0
10000;152.0;98.0;54.0
10100;155.0;98.0;57.0
10200;173.0;98.0;75.0
10300;175.0;98.0;77.0
10400;175.0;98.0;77.0
10500;177.0;98.0;79.0
10600;175.0;98.0;77.0
10700;175.0;98.0;77.0
10800;171.0;98.0;73.0
10900;167.0;98.0;69.0
11000;165.0;98.0;67.0
11100;163.0;98.0;65.0
11200;165.0;98.0;67.0
11300;163.0;98.0;65.0
11400;163.0;98.0;65.0
11500;163.0;98.0;65.0
11600;163.0;98.0;65.0
11700;163.0;98.0;65.0
11800;163.0;98.0;65.0
11900;165.0;98.0;67.0
12000;161.0;98.0;63.0
12100;163.0;98.0;65.0
12200;167.0;98.0;69.0
12300;149.0;90.0;59.0
12400;163.0;90.0;73.0
12500;161.0;90.0;71.0
12600;167.0;98.0;69.0
12700;163.0;98.0;65.0
12800;163.0;98.0;65.0
12900;143.0;98.0;45.0
13000;161.0;98.0;63.0
13100;157.0;98.0;59.0
13200;186.5;98.0;88.5
13300;186.5;98.0;88.5
13400;186.0;98.0;88.0
13500;185.5;98.0;87.5
13600;185.5;98.0;87.5
13700;183.0;98.0;85.0
13800;186.5;98.0;88.5
13900;187.0;98.0;89.0
14000;186.5;98.0;88.5
14100;184.0;98.0;86.0
14200;187.0;98.0;89.0
14300;187.5;98.0;89.5
14400;186.5;98.0;88.5
14500;190.5;98.0;92.5
14600;187.5;98.0;89.5
14700;206.0;98.0;108.0
14800;236.0;98.0;138.0
14900;235.5;98.0;137.5
15000;236.0;98.0;138.0
15100;215.0;98.0;117.0
15200;215.0;98.0;117.0
15300;243.0;98.0;145.0
15400;243.0;98.0;145.0
15500;247.0;98.0;149.0
15600;251.0;98.0;153.0
15700;251.0;98.0;153.0
15800;259.0;98.0;161.0
15900;255.0;98.0;157.0
16000;251.0;98.0;153.0
16100;251.0;98.0;153.0
16200;247.0;98.0;149.0
16300;239.0;98.0;141.0
16400;243.0;98.0;145.0
16500;243.0;98.0;145.0
16600;243.0;98.0;145.0
16700;239.0;98.0;141.0
16800;243.0;98.0;145.0
16900;239.0;98.0;141.0
17000;239.0;98.0;141.0
17100;235.0;98.0;137.0
17200;207.0;98.0;109.0
17300;243.0;98.0;145.0
17400;273.0;98.0;175.0
17500;273.0;98.0;175.0
17600;271.5;98.0;173.5
17700;271.5;98.0;173.5
17800;271.5;98.0;173.5
17900;270.0;98.0;172.0
18000;268.5;98.0;170.5
18100;270.0;98.0;172.0
18200;268.5;98.0;170.5
18300;267.0;98.0;169.0
18400;267.0;98.0;169.0
18500;265.5;98.0;167.5
18600;264.0;98.0;166.0
18700;264.0;98.0;166.0
18800;291.0;98.0;193.0
18900;292.0;98.0;194.0
19000;292.0;98.0;194.0
19100;299.0;98.0;201.0
19200;293.0;98.0;195.0
19300;291.0;98.0;193.0
19400;290.0;98.0;192.0
19500;290.0;98.0;192.0
19600;291.0;98.0;193.0
19700;290.0;98.0;192.0
19800;290.0;98.0;192.0
19900;291.0;98.0;193.0
20000;291.0;98.0;193.0
20100;292.0;98.0;194.0
20200;290.0;98.0;192.0
20300;290.0;98.0;192.0
20400;291.0;98.0;193.0
20500;293.0;98.0;195.0
20600;292.0;98.0;194.0
20700;292.0;98.0;194.0
20800;283.0;90.0;193.0
20900;290.0;98.0;192.0
21000;289.0;98.0;191.0
21100;291.0;98.0;193.0
21200;293.0;98.0;195.0
21300;292.0;98.0;194.0
21400;301.0;98.0;203.0
21500;291.0;98.0;193.0
21600;299.0;106.0;193.0
21700;291.0;98.0;193.0
21800;291.0;98.0;193.0
21900;293.0;98.0;195.0
22000;298.0;98.0;200.0
22100;293.0;98.0;195.0
22200;293.0;98.0;195.0
22300;301.0;106.0;195.0
22400;295.0;98.0;197.0
22500;294.0;98.0;196.0
22600;294.0;98.0;196.0
22700;294.0;98.0;196.0
22800;294.0;98.0;196.0
22900;294.0;98.0;196.0
23000;296.0;98.0;198.0
23100;296.0;98.0;198.0
23200;304.0;106.0;198.0
23300;297.0;98.0;199.0
23400;290.0;98.0;192.0
23500;298.0;98.0;200.0
23600;297.0;98.0;199.0
23700;325.0;126.0;199.0
23800;326.0;126.0;200.0
23900;327.0;126.0;201.0
24000;328.0;126.0;202.0
24100;326.0;126.0;200.0
24200;326.0;126.0;200.0
24300;326.0;126.0;200.0
24400;325.0;126.0;199.0
24500;326.0;126.0;200.0
24600;339.0;126.0;213.0
24700;339.0;126.0;213.0
24800;339.0;126.0;213.0
24900;339.0;126.0;213.0
25000;339.0;126.0;213.0
25100;339.0;126.0;213.0
25200;339.0;126.0;213.0
25300;339.0;126.0;213.0
25400;339.0;126.0;213.0
25500;339.0;126.0;213.0
25600;339.0;126.0;213.0
25700;339.0;126.0;213.0
25800;339.0;126.0;213.0
25900;339.0;126.0;213.0
26000;339.0;126.0;213.0
26100;339.0;126.0;213.0
26200;339.0;126.0;213.0
26300;339.0;126.0;213.0
26400;339.0;126.0;213.0
26500;339.0;126.0;213.0
26600;339.0;126.0;213.0
26700;339.0;126.0;213.0
26800;339.0;126.0;213.0
26900;339.0;126.0;213.0
27000;339.0;126.0;213.0
27100;339.0;126.0;213.0
27200;339.0;126.0;213.0
27300;326.5;126.0;200.5
27400;349.0;126.0;223.0
27500;346.5;126.0;220.5
27600;344.0;126.0;218.0
27700;344.0;126.0;218.0
27800;344.0;126.0;218.0
27900;341.5;126.0;215.5
28000;341.5;126.0;215.5
28100;341.5;126.0;215.5
28200;344.0;126.0;218.0
28300;344.0;126.0;218.0
28400;339.0;126.0;213.0
28500;339.0;126.0;213.0
28600;339.0;126.0;213.0
28700;362.5;147.0;215.5
28800;362.5;147.0;215.5
28900;360.0;147.0;213.0
29000;360.0;147.0;213.0
29100;355.0;147.0;208.0
29200;360.0;147.0;213.0
29300;357.5;147.0;210.5
29400;357.5;147.0;210.5
29500;352.5;147.0;205.5
29600;350.0;147.0;203.0
29700;367.5;167.0;200.5
29800;401.0;203.0;198.0
29900;386.0;203.0;183.0
30000;401.0;203.0;198.0
30100;381.0;203.0;178.0
30200;398.5;203.0;195.5
30300;398.5;203.0;195.5
30400;396.0;203.0;193.0
30500;396.0;203.0;193.0
30600;401.0;203.0;198.0
30700;401.0;203.0;198.0
30800;401.0;203.0;198.0
30900;426.0;203.0;223.0
31000;436.0;203.0;233.0
31100;394.0;151.0;243.0
31200;441.0;203.0;238.0
31300;436.0;203.0;233.0
31400;441.0;203.0;238.0
31500;436.0;203.0;233.0
31600;436.0;203.0;233.0
31700;436.0;203.0;233.0
31800;436.0;203.0;233.0
31900;431.0;203.0;228.0
32000;401.0;203.0;198.0
32100;441.0;203.0;238.0
32200;493.0;255.0;238.0
32300;441.0;203.0;238.0
32400;441.0;203.0;238.0
32500;446.0;203.0;243.0
32600;451.0;203.0;248.0
32700;446.0;203.0;243.0
32800;451.0;203.0;248.0
32900;451.0;203.0;248.0
33000;456.0;203.0;253.0
33100;446.0;203.0;243.0
33200;446.0;203.0;243.0
33300;441.0;203.0;238.0
33400;451.0;203.0;248.0
33500;486.0;203.0;283.0
33600;446.0;203.0;243.0
33700;441.0;203.0;238.0
33800;446.0;203.0;243.0
33900;446.0;203.0;243.0
34000;451.0;203.0;248.0
34100;441.0;203.0;238.0
34200;436.0;203.0;233.0
34300;436.0;203.0;233.0
34400;441.0;203.0;238.0
34500;389.0;151.0;238.0
34600;441.0;203.0;238.0
34700;446.0;203.0;243.0
34800;486.0;203.0;283.0
34900;451.0;203.0;248.0
35000;456.0;203.0;253.0
35100;466.0;203.0;263.0
35200;466.0;203.0;263.0
35300;466.0;203.0;263.0
35400;471.0;203.0;268.0
35500;471.0;203.0;268.0
35600;471.0;203.0;268.0
35700;471.0;203.0;268.0
35800;466.0;203.0;263.0
35900;471.0;203.0;268.0
36000;466.0;203.0;263.0
36100;466.0;203.0;263.0
36200;466.0;203.0;263.0
36300;471.0;203.0;268.0
36400;466.0;203.0;263.0
36500;466.0;203.0;263.0
36600;456.0;203.0;253.0
36700;503.0;255.0;248.0
36800;451.0;203.0;248.0
36900;456.0;203.0;253.0
37000;451.0;203.0;248.0
37100;451.0;203.0;248.0
37200;451.0;203.0;248.0
37300;451.0;203.0;248.0
37400;451.0;203.0;248.0
37500;456.0;203.0;253.0
37600;451.0;203.0;248.0
37700;451.0;203.0;248.0
37800;441.0;203.0;238.0
37900;411.0;203.0;208.0
38000;436.0;203.0;233.0
38100;426.0;203.0;223.0
38200;421.0;203.0;218.0
38300;415.0;252.0;163.0
38400;487.0;252.0;235.0
38500;471.0;252.0;219.0
38600;463.0;252.0;211.0
38700;463.0;252.0;211.0
38800;463.0;252.0;211.0
38900;463.0;252.0;211.0
39000;455.0;252.0;203.0
39100;447.0;252.0;195.0
39200;447.0;252.0;195.0
39300;431.0;252.0;179.0
39400;423.0;252.0;171.0
39500;423.0;252.0;171.0
39600;415.0;252.0;163.0
39700;415.0;252.0;163.0
39800;415.0;252.0;163.0
39900;511.0;332.0;179.0
40000;447.5;252.0;195.5
40100;428.0;252.0;176.0
40200;428.0;252.0;176.0
40300;395.5;252.0;143.5
40400;428.0;252.0;176.0
40500;341.5;172.0;169.5
40600;415.0;252.0;163.0
40700;421.5;252.0;169.5
40800;442.5;273.0;169.5
40900;442.5;273.0;169.5
41000;449.0;273.0;176.0
41100;455.5;273.0;182.5
41200;455.5;273.0;182.5
41300;348.5;205.0;143.5
41400;449.0;273.0;176.0
41500;455.5;273.0;182.5
41600;442.5;273.0;169.5
41700;449.0;273.0;176.0
41800;455.5;273.0;182.5
41900;455.5;273.0;182.5
42000;449.0;273.0;176.0
42100;449.0;273.0;176.0
42200;436.0;273.0;163.0
42300;462.0;273.0;189.0
42400;429.5;273.0;156.5
42500;479.0;329.0;150.0
42600;472.5;329.0;143.5
42700;485.5;329.0;156.5
42800;485.5;329.0;156.5
42900;531.0;329.0;202.0
43000;479.0;329.0;150.0
43100;528.0;378.0;150.0
43200;495.5;378.0;117.5
43300;528.0;378.0;150.0
43400;534.5;378.0;156.5
43500;541.0;378.0;163.0
43600;534.5;378.0;156.5
43700;534.5;378.0;156.5
43800;534.5;378.0;156.5
43900;528.0;378.0;150.0
44000;534.5;378.0;156.5
44100;534.5;378.0;156.5
44200;554.0;378.0;176.0
44300;571.5;378.0;193.5
44400;579.0;378.0;201.0
44500;571.5;378.0;193.5
44600;571.5;378.0;193.5
44700;571.5;378.0;193.5
44800;571.5;378.0;193.5
44900;556.5;378.0;178.5
45000;541.5;378.0;163.5
45100;549.0;378.0;171.0
45200;541.5;378.0;163.5
45300;549.0;378.0;171.0
45400;541.5;378.0;163.5
45500;541.5;378.0;163.5
45600;541.5;378.0;163.5
45700;496.5;378.0;118.5
45800;549.0;378.0;171.0
45900;549.0;378.0;171.0
46000;556.5;378.0;178.5
46100;549.0;378.0;171.0
46200;541.5;378.0;163.5
46300;549.0;378.0;171.0
46400;549.0;378.0;171.0
46500;556.5;378.0;178.5
46600;549.0;378.0;171.0
46700;541.5;378.0;163.5
46800;556.5;378.0;178.5
46900;564.0;378.0;186.0
47000;564.0;378.0;186.0
47100;556.5;378.0;178.5
47200;564.0;378.0;186.0
47300;556.5;378.0;178.5
47400;564.0;378.0;186.0
47500;556.5;378.0;178.5
47600;556.5;378.0;178.5
47700;564.0;378.0;186.0
47800;571.5;378.0;193.5
47900;571.5;378.0;193.5
48000;599.0;378.0;221.0
48100;599.0;378.0;221.0
48200;599.0;378.0;221.0
48300;609.0;378.0;231.0
48400;604.0;378.0;226.0
48500;614.0;378.0;236.0
48600;629.0;378.0;251.0
48700;646.0;378.0;268.0
48800;650.0;378.0;272.0
48900;654.0;378.0;276.0
49000;654.0;378.0;276.0
49100;658.0;378.0;280.0
49200;658.0;378.0;280.0
49300;658.0;378.0;280.0
49400;654.0;378.0;276.0
49500;646.0;378.0;268.0
49600;650.0;378.0;272.0
49700;654.0;378.0;276.0
49800;662.0;378.0;284.0
49900;658.0;378.0;280.0
50000;650.0;378.0;272.0
50100;650.0;378.0;272.0
50200;642.0;378.0;264.0
50300;638.0;378.0;260.0
50400;638.0;378.0;260.0
50500;662.0;406.0;256.0
50600;654.0;406.0;248.0
50700;658.0;406.0;252.0
50800;658.0;406.0;252.0
50900;662.0;406.0;256.0
51000;666.0;406.0;260.0
51100;694.0;406.0;288.0
51200;662.0;406.0;256.0
51300;666.0;406.0;260.0
51400;666.0;406.0;260.0
51500;638.0;406.0;232.0
51600;670.0;406.0;264.0
51700;670.0;406.0;264.0
51800;670.0;406.0;264.0
51900;666.0;406.0;260.0
52000;690.0;406.0;284.0
52100;666.0;406.0;260.0
52200;678.5;406.0;272.5
52300;678.5;406.0;272.5
52400;691.0;406.0;285.0
52500;676.0;406.0;270.0
52600;678.5;406.0;272.5
52700;678.5;406.0;272.5
52800;683.5;406.0;277.5
52900;688.5;406.0;282.5
53000;683.5;406.0;277.5
53100;688.5;406.0;282.5
53200;683.5;406.0;277.5
53300;683.5;406.0;277.5
53400;686.0;406.0;280.0
53500;691.0;406.0;285.0
53600;693.5;406.0;287.5
53700;696.0;406.0;290.0
53800;696.0;406.0;290.0
53900;552.0;262.0;290.0
54000;698.5;406.0;292.5
54100;698.5;406.0;292.5
54200;698.5;406.0;292.5
54300;698.5;406.0;292.5
54400;696.0;406.0;290.0
54500;696.0;406.0;290.0
54600;698.5;406.0;292.5
54700;678.5;406.0;272.5
54800;691.0;406.0;285.0
54900;693.5;406.0;287.5
55000;693.5;406.0;287.5
55100;696.0;406.0;290.0
55200;693.5;406.0;287.5
55300;696.0;406.0;290.0
55400;696.0;406.0;290.0
55500;693.5;406.0;287.5
55600;693.5;406.0;287.5
55700;691.0;406.0;285.0
55800;688.5;406.0;282.5
55900;688.5;406.0;282.5
56000;683.5;406.0;277.5
56100;827.5;550.0;277.5
56200;681.0;406.0;275.0
56300;681.0;406.0;275.0
56400;683.5;406.0;277.5
56500;681.0;406.0;275.0
56600;686.0;406.0;280.0
56700;683.5;406.0;277.5
56800;683.5;406.0;277.5
56900;711.5;434.0;277.5
57000;711.5;434.0;277.5
57100;714.0;434.0;280.0
57200;714.0;434.0;280.0
57300;714.0;434.0;280.0
57400;714.0;434.0;280.0
57500;714.0;434.0;280.0
57600;716.5;434.0;282.5
57700;716.5;434.0;282.5
57800;714.0;434.0;280.0
57900;714.0;434.0;280.0
58000;714.0;434.0;280.0
58100;714.0;434.0;280.0
58200;714.0;434.0;280.0
58300;716.5;434.0;282.5
58400;701.5;434.0;267.5
58500;876.5;594.0;282.5
58600;689.0;434.0;255.0
58700;711.5;434.0;277.5
58800;733.0;434.0;299.0
58900;732.5;434.0;298.5
59000;732.0;434.0;298.0
59100;731.5;434.0;297.5
59200;734.0;434.0;300.0
59300;715.0;434.0;281.0
59400;761.0;434.0;327.0
59500;763.0;434.0;329.0
59600;765.0;434.0;331.0
59700;763.0;434.0;329.0
59800;916.0;594.0;322.0
59900;766.0;434.0;332.0
60000;767.0;434.0;333.0
60100;766.0;434.0;332.0
60200;772.0;434.0;338.0
60300;796.0;462.0;334.0
60400;801.0;462.0;339.0
60500;939.0;606.0;333.0
60600;939.0;606.0;333.0
60700;794.0;462.0;332.0
60800;795.0;462.0;333.0
60900;795.0;462.0;333.0
61000;795.0;462.0;333.0
61100;795.0;462.0;333.0
61200;795.0;462.0;333.0
61300;795.0;462.0;333.0
61400;798.0;462.0;336.0
61500;798.0;462.0;336.0
61600;943.0;606.0;337.0
61700;798.0;462.0;336.0
61800;798.0;462.0;336.0
61900;797.0;462.0;335.0
62000;797.0;462.0;335.0
62100;798.0;462.0;336.0
62200;797.0;462.0;335.0
62300;799.0;462.0;337.0
62400;799.0;462.0;337.0
62500;799.0;462.0;337.0
62600;798.0;462.0;336.0
62700;798.0;462.0;336.0
62800;799.0;462.0;337.0
62900;798.0;462.0;336.0
63000;798.0;462.0;336.0
63100;799.0;462.0;337.0
63200;799.0;462.0;337.0
63300;799.0;462.0;337.0
63400;799.0;462.0;337.0
63500;798.0;462.0;336.0
63600;798.0;462.0;336.0
63700;799.0;462.0;337.0
63800;799.0;462.0;337.0
63900;799.0;462.0;337.0
64000;799.0;462.0;337.0
64100;799.0;462.0;337.0
64200;800.0;462.0;338.0
64300;798.0;462.0;336.0
64400;798.0;462.0;336.0
64500;798.0;462.0;336.0
64600;799.0;462.0;337.0
64700;835.0;497.0;338.0
64800;833.0;497.0;336.0
64900;834.0;497.0;337.0
65000;835.0;497.0;338.0
65100;834.0;497.0;337.0
65200;833.0;497.0;336.0
65300;859.5;497.0;362.5
65400;859.5;497.0;362.5
65500;863.0;497.0;366.0
65600;887.5;497.0;390.5
65700;863.0;497.0;366.0
65800;856.0;497.0;359.0
65900;859.5;497.0;362.5
66000;983.5;621.0;362.5
66100;859.5;497.0;362.5
66200;880.5;497.0;383.5
66300;859.5;497.0;362.5
66400;856.0;497.0;359.0
66500;852.5;497.0;355.5
66600;997.0;621.0;376.0
66700;873.0;497.0;376.0
66800;873.0;497.0;376.0
66900;873.0;497.0;376.0
67000;873.0;497.0;376.0
67100;861.0;497.0;364.0
67200;861.0;497.0;364.0
67300;985.0;621.0;364.0
67400;867.0;497.0;370.0
67500;855.0;497.0;358.0
67600;861.0;497.0;364.0
67700;897.0;497.0;400.0
67800;888.5;497.0;391.5
67900;880.0;497.0;383.0
68000;888.5;497.0;391.5
68100;888.5;497.0;391.5
68200;880.0;497.0;383.0
68300;880.0;497.0;383.0
68400;880.0;497.0;383.0
68500;888.5;497.0;391.5
68600;948.0;497.0;451.0
68700;897.0;497.0;400.0
68800;905.5;497.0;408.5
68900;905.5;497.0;408.5
69000;897.0;497.0;400.0
69100;897.0;497.0;400.0
69200;888.5;497.0;391.5
69300;880.0;497.0;383.0
69400;880.0;497.0;383.0
69500;756.0;373.0;383.0
69600;888.5;497.0;391.5
69700;897.0;497.0;400.0
69800;897.0;497.0;400.0
69900;905.5;497.0;408.5
70000;905.5;497.0;408.5
70100;914.0;497.0;417.0
70200;871.5;497.0;374.5
70300;965.0;497.0;468.0
70400;905.5;497.0;408.5
70500;897.0;497.0;400.0
70600;888.5;497.0;391.5
70700;888.5;497.0;391.5
70800;888.5;497.0;391.5
70900;871.5;497.0;374.5
71000;871.5;497.0;374.5
71100;871.5;497.0;374.5
71200;880.0;497.0;383.0
71300;880.0;497.0;383.0
71400;888.5;497.0;391.5
71500;897.0;497.0;400.0
71600;905.5;497.0;408.5
71700;905.5;497.0;408.5
71800;905.5;497.0;408.5
71900;905.5;497.0;408.5
72000;914.0;497.0;417.0
72100;905.5;497.0;408.5
72200;905.5;497.0;408.5
72300;905.5;497.0;408.5
72400;914.0;497.0;417.0
72500;914.0;497.0;417.0
72600;931.0;497.0;434.0
72700;931.0;497.0;434.0
72800;931.0;497.0;434.0
72900;931.0;497.0;434.0
73000;922.5;497.0;425.5
73100;922.5;497.0;425.5
73200;931.0;497.0;434.0
73300;982.0;497.0;485.0
73400;922.5;497.0;425.5
73500;982.0;497.0;485.0
73600;922.5;497.0;425.5
73700;931.0;497.0;434.0
73800;931.0;497.0;434.0
73900;922.5;497.0;425.5
74000;914.0;497.0;417.0
74100;939.5;497.0;442.5
74200;939.5;497.0;442.5
74300;939.5;497.0;442.5
74400;956.5;497.0;459.5
74500;956.5;497.0;459.5
74600;956.5;497.0;459.5
74700;948.0;497.0;451.0
74800;956.5;497.0;459.5
74900;948.0;497.0;451.0
75000;960.0;497.0;463.0
75100;990.0;497.0;493.0
75200;945.0;497.0;448.0
75300;952.5;497.0;455.5
75400;952.5;497.0;455.5
75500;952.5;497.0;455.5
75600;862.5;497.0;365.5
75700;957.0;497.0;460.0
75800;946.5;497.0;449.5
75900;957.0;497.0;460.0
76000;1009.5;497.0;512.5
76100;957.0;497.0;460.0
76200;946.5;497.0;449.5
76300;957.0;497.0;460.0
76400;957.0;497.0;460.0
76500;957.0;497.0;460.0
76600;967.5;497.0;470.5
76700;1091.5;621.0;470.5
76800;978.0;497.0;481.0
76900;967.5;497.0;470.5
77000;978.0;497.0;481.0
77100;978.0;497.0;481.0
77200;967.5;497.0;470.5
77300;988.5;497.0;491.5
77400;967.5;497.0;470.5
77500;957.0;497.0;460.0
77600;946.5;497.0;449.5
77700;957.0;497.0;460.0
77800;988.5;497.0;491.5
77900;999.0;497.0;502.0
78000;925.5;497.0;428.5
78100;988.5;497.0;491.5
78200;978.0;497.0;481.0
78300;988.5;497.0;491.5
78400;988.5;497.0;491.5
78500;1030.5;539.0;491.5
78600;1030.5;539.0;491.5
78700;1030.5;539.0;491.5
78800;1030.5;539.0;491.5
78900;1030.5;539.0;491.5
79000;1041.0;539.0;502.0
79100;1030.5;539.0;491.5
79200;1051.5;539.0;512.5
79300;1051.5;539.0;512.5
79400;1062.0;539.0;523.0
79500;1062.0;539.0;523.0
79600;1062.0;539.0;523.0
79700;1051.5;539.0;512.5
79800;1051.5;539.0;512.5
79900;1062.0;539.0;523.0
80000;1051.5;539.0;512.5
80100;1051.5;539.0;512.5
80200;1041.0;539.0;502.0
80300;1062.0;539.0;523.0
80400;1051.5;539.0;512.5
80500;1062.0;539.0;523.0
80600;1051.5;539.0;512.5
80700;1062.0;539.0;523.0
80800;1051.5;539.0;512.5
80900;1041.0;539.0;502.0
81000;1041.0;539.0;502.0
81100;1041.0;539.0;502.0
81200;1051.5;539.0;512.5
81300;1041.0;539.0;502.0
81400;1030.5;539.0;491.5
81500;1020.0;539.0;481.0
81600;1030.5;539.0;491.5
81700;1009.5;539.0;470.5
81800;1009.5;539.0;470.5
81900;1009.5;539.0;470.5
82000;999.0;539.0;460.0
82100;978.0;539.0;439.0
82200;988.5;539.0;449.5
82300;999.0;539.0;460.0
82400;999.0;539.0;460.0
82500;999.0;539.0;460.0
82600;988.5;539.0;449.5
82700;978.0;539.0;439.0
82800;1062.0;539.0;523.0
82900;967.5;539.0;428.5
83000;957.0;539.0;418.0
83100;946.5;539.0;407.5
83200;936.0;539.0;397.0
83300;936.0;539.0;397.0
83400;925.5;539.0;386.5
83500;936.0;539.0;397.0
83600;981.0;539.0;442.0
83700;968.5;539.0;429.5
83800;943.5;539.0;404.5
83900;943.5;539.0;404.5
84000;956.0;539.0;417.0
84100;956.0;539.0;417.0
84200;956.0;539.0;417.0
84300;943.5;539.0;404.5
84400;956.0;539.0;417.0
84500;956.0;539.0;417.0
84600;956.0;539.0;417.0
84700;956.0;539.0;417.0
84800;843.5;439.0;404.5
84900;943.5;539.0;404.5
85000;918.5;539.0;379.5
85100;906.0;539.0;367.0
85200;893.5;539.0;354.5
85300;906.0;539.0;367.0
85400;910.0;539.0;371.0
85500;910.0;539.0;371.0
85600;938.0;539.0;399.0
85700;924.0;539.0;385.0
85800;938.0;539.0;399.0
85900;910.0;539.0;371.0
86000;924.0;539.0;385.0
86100;924.0;539.0;385.0
86200;924.0;539.0;385.0
86300;924.0;539.0;385.0
86400;924.0;539.0;385.0
86500;896.0;539.0;357.0
86600;910.0;539.0;371.0
86700;910.0;539.0;371.0
86800;910.0;539.0;371.0
86900;836.0;539.0;297.0
87000;852.0;539.0;313.0
87100;820.0;539.0;281.0
87200;932.0;539.0;393.0
87300;964.0;539.0;425.0
87400;948.0;539.0;409.0
87500;964.0;539.0;425.0
87600;932.0;539.0;393.0
87700;948.0;539.0;409.0
87800;932.0;539.0;393.0
87900;916.0;539.0;377.0
88000;916.0;539.0;377.0
88100;900.0;539.0;361.0
88200;916.0;539.0;377.0
88300;900.0;539.0;361.0
88400;900.0;539.0;361.0
88500;916.0;539.0;377.0
88600;900.0;539.0;361.0
88700;916.0;539.0;377.0
88800;900.0;539.0;361.0
88900;900.0;539.0;361.0
89000;900.0;539.0;361.0
89100;900.0;539.0;361.0
89200;868.0;539.0;329.0
89300;879.0;539.0;340.0
89400;759.0;539.0;220.0
89500;864.0;539.0;325.0
89600;907.0;567.0;340.0
89700;892.0;567.0;325.0
89800;952.0;567.0;385.0
89900;862.0;567.0;295.0
90000;862.0;567.0;295.0
90100;896.0;616.0;280.0
90200;926.0;616.0;310.0
90300;926.0;616.0;310.0
90400;926.0;616.0;310.0
90500;911.0;616.0;295.0
90600;911.0;616.0;295.0
90700;911.0;616.0;295.0
90800;911.0;616.0;295.0
90900;911.0;616.0;295.0
91000;926.0;616.0;310.0
91100;956.0;616.0;340.0
91200;866.0;616.0;250.0
91300;953.5;616.0;337.5
91400;916.0;616.0;300.0
91500;916.0;616.0;300.0
91600;903.5;616.0;287.5
91700;928.5;616.0;312.5
91800;928.5;616.0;312.5
91900;953.5;616.0;337.5
92000;928.5;616.0;312.5
92100;941.0;616.0;325.0
92200;941.0;616.0;325.0
92300;903.5;616.0;287.5
92400;916.0;616.0;300.0
92500;928.5;616.0;312.5
92600;916.0;616.0;300.0
92700;928.5;616.0;312.5
92800;928.5;616.0;312.5
92900;928.5;616.0;312.5
93000;928.5;616.0;312.5
93100;916.0;616.0;300.0
93200;928.5;616.0;312.5
93300;938.5;651.0;287.5
93400;951.0;651.0;300.0
93500;938.5;651.0;287.5
93600;838.5;651.0;187.5
93700;913.5;651.0;262.5
93800;913.5;651.0;262.5
93900;981.5;719.0;262.5
94000;901.0;651.0;250.0
94100;913.5;651.0;262.5
94200;938.5;651.0;287.5
94300;938.5;651.0;287.5
94400;938.5;651.0;287.5
94500;938.5;651.0;287.5
94600;963.5;651.0;312.5
94700;976.0;651.0;325.0
94800;1001.0;651.0;350.0
94900;988.5;651.0;337.5
95000;1013.5;651.0;362.5
95100;1026.0;651.0;375.0
95200;1013.5;651.0;362.5
95300;1026.0;651.0;375.0
95400;1038.5;651.0;387.5
95500;1038.5;651.0;387.5
95600;1126.0;651.0;475.0
95700;1063.5;651.0;412.5
95800;1063.5;651.0;412.5
95900;1076.0;651.0;425.0
96000;1051.0;651.0;400.0
96100;1075.0;651.0;424.0
96200;1143.0;719.0;424.0
96300;1085.5;651.0;434.5
96400;1107.5;651.0;456.5
96500;1107.5;651.0;456.5
96600;1142.5;686.0;456.5
96700;1142.5;686.0;456.5
96800;1151.0;686.0;465.0
96900;1159.5;686.0;473.5
97000;1159.5;686.0;473.5
97100;1159.5;686.0;473.5
97200;1159.5;686.0;473.5
97300;1159.5;686.0;473.5
97400;1159.5;686.0;473.5
97500;1159.5;686.0;473.5
97600;1159.5;686.0;473.5
97700;1159.5;686.0;473.5
97800;1159.5;686.0;473.5
97900;1151.0;686.0;465.0
98000;1142.5;686.0;456.5
98100;1159.5;686.0;473.5
98200;1142.5;686.0;456.5
98300;1151.0;686.0;465.0
98400;1151.0;686.0;465.0
98500;1159.5;686.0;473.5
98600;1168.0;686.0;482.0
98700;1176.5;686.0;490.5
98800;1193.5;686.0;507.5
98900;1185.0;686.0;499.0
99000;1185.0;686.0;499.0
99100;1193.5;686.0;507.5
99200;1193.5;686.0;507.5
99300;1202.0;686.0;516.0
99400;1202.0;686.0;516.0
99500;1202.0;686.0;516.0
99600;1193.5;686.0;507.5
99700;1193.5;686.0;507.5
99800;1185.0;686.0;499.0
99900;1176.5;686.0;490.5
100000;1168.0;686.0;482.0
100100;1159.5;686.0;473.5
100200;1151.0;686.0;465.0
100300;1151.0;686.0;465.0
100400;1176.5;686.0;490.5
100500;1176.5;686.0;490.5
100600;1168.0;686.0;482.0
100700;1159.5;686.0;473.5
100800;1168.0;686.0;482.0
100900;1168.0;686.0;482.0
101000;1185.0;686.0;499.0
101100;1193.5;686.0;507.5
101200;1193.5;686.0;507.5
101300;1202.0;686.0;516.0
101400;1125.5;686.0;439.5
101500;1202.0;686.0;516.0
101600;1219.0;686.0;533.0
101700;1237.0;686.0;551.0
101800;1237.0;686.0;551.0
101900;1237.0;686.0;551.0
102000;1230.0;686.0;544.0
102100;1188.0;686.0;502.0
102200;1237.0;686.0;551.0
102300;1223.0;686.0;537.0
102400;1223.0;686.0;537.0
102500;1223.0;686.0;537.0
102600;1230.0;686.0;544.0
102700;1216.0;686.0;530.0
102800;1230.0;686.0;544.0
102900;1237.0;686.0;551.0
103000;1244.0;686.0;558.0
103100;1202.0;686.0;516.0
103200;1258.0;686.0;572.0
103300;1210.0;638.0;572.0
103400;1251.0;686.0;565.0
103500;1251.0;686.0;565.0
103600;1251.0;686.0;565.0
103700;1251.0;686.0;565.0
103800;1237.0;686.0;551.0
103900;1244.0;686.0;558.0
104000;1265.0;714.0;551.0
104100;1272.0;714.0;558.0
104200;1272.0;714.0;558.0
104300;1304.0;746.0;558.0
104400;1230.0;714.0;516.0
104500;1272.0;714.0;558.0
104600;1272.0;714.0;558.0
104700;1265.0;714.0;551.0
104800;1272.0;714.0;558.0
104900;1286.0;714.0;572.0
105000;1279.0;714.0;565.0
105100;1272.0;714.0;558.0
105200;1272.0;714.0;558.0
105300;1265.0;714.0;551.0
105400;1258.0;714.0;544.0
105500;1265.0;714.0;551.0
105600;1258.0;714.0;544.0
105700;1293.0;714.0;579.0
105800;1231.0;682.0;549.0
105900;1257.0;714.0;543.0
106000;1251.0;714.0;537.0
106100;1257.0;714.0;543.0
106200;1263.0;714.0;549.0
106300;1257.0;714.0;543.0
106400;1251.0;714.0;537.0
106500;1245.0;714.0;531.0
106600;1251.0;714.0;537.0
106700;1257.0;714.0;543.0
106800;1257.0;714.0;543.0
106900;1245.0;714.0;531.0
107000;1245.0;714.0;531.0
107100;1279.0;714.0;565.0
107200;1279.0;714.0;565.0
107300;1263.0;714.0;549.0
107400;1263.0;714.0;549.0
107500;1271.0;714.0;557.0
107600;1263.0;714.0;549.0
107700;1263.0;714.0;549.0
107800;1263.0;714.0;549.0
107900;1263.0;714.0;549.0
108000;1289.0;714.0;575.0
108100;1298.5;714.0;584.5
108200;1298.5;714.0;584.5
108300;1202.5;714.0;488.5
108400;1324.0;714.0;610.0
108500;1351.0;714.0;637.0
108600;1432.0;714.0;718.0
108700;1364.5;714.0;650.5
108800;1337.5;714.0;623.5
108900;1337.5;714.0;623.5
109000;1364.5;714.0;650.5
109100;1351.0;714.0;637.0
109200;1351.0;714.0;637.0
109300;1364.5;714.0;650.5
109400;1391.5;714.0;677.5
109500;1405.0;714.0;691.0
109600;1405.0;714.0;691.0
109700;1405.0;714.0;691.0
109800;1432.0;714.0;718.0
109900;1459.0;714.0;745.0
110000;1486.0;714.0;772.0
110100;1472.5;714.0;758.5
110200;1472.5;714.0;758.5
110300;1472.5;714.0;758.5
110400;1486.0;714.0;772.0
110500;1499.5;714.0;785.5
110600;1521.5;714.0;807.5
110700;1510.0;714.0;796.0
110800;1510.0;714.0;796.0
110900;1510.0;714.0;796.0
111000;1530.5;746.0;784.5
111100;1487.0;714.0;773.0
111200;1521.5;714.0;807.5
111300;1521.5;714.0;807.5
111400;1498.5;714.0;784.5
111500;1510.0;714.0;796.0
111600;1522.0;714.0;808.0
111700;1532.5;714.0;818.5
111800;1511.5;714.0;797.5
111900;1522.0;714.0;808.0
112000;1511.5;714.0;797.5
112100;1511.5;714.0;797.5
112200;1522.0;714.0;808.0
112300;1532.5;714.0;818.5
112400;1501.0;714.0;787.0
112500;1511.5;714.0;797.5
112600;1511.5;714.0;797.5
112700;1511.5;714.0;797.5
112800;1511.5;714.0;797.5
112900;1532.5;714.0;818.5
113000;1511.5;714.0;797.5
113100;1511.5;714.0;797.5
113200;1532.5;714.0;818.5
113300;1543.0;714.0;829.0
113400;1543.0;714.0;829.0
113500;1543.0;714.0;829.0
113600;1543.0;714.0;829.0
113700;1532.5;714.0;818.5
113800;1490.0;682.0;808.0
113900;1543.0;714.0;829.0
114000;1553.5;714.0;839.5
114100;1564.0;714.0;850.0
114200;1532.5;714.0;818.5
114300;1522.0;714.0;808.0
114400;1511.5;714.0;797.5
114500;1511.5;714.0;797.5
114600;1501.0;714.0;787.0
114700;1511.5;714.0;797.5
114800;1522.0;714.0;808.0
114900;1511.5;714.0;797.5
115000;1511.5;714.0;797.5
115100;1522.0;714.0;808.0
115200;1543.0;714.0;829.0
115300;1532.5;714.0;818.5
115400;1532.5;714.0;818.5
115500;1532.5;714.0;818.5
115600;1543.0;714.0;829.0
115700;1543.0;714.0;829.0
115800;1532.5;714.0;818.5
115900;1532.5;714.0;818.5
116000;1532.5;714.0;818.5
116100;1543.0;714.0;829.0
116200;1637.5;714.0;923.5
116300;1553.5;714.0;839.5
116400;1553.5;714.0;839.5
116500;1553.5;714.0;839.5
116600;1574.5;714.0;860.5
116700;1473.0;714.0;759.0
116800;1585.0;714.0;871.0
116900;1585.0;714.0;871.0
117000;1599.0;714.0;885.0
117100;1613.0;714.0;899.0
117200;1627.0;714.0;913.0
117300;1655.0;714.0;941.0
117400;1669.0;714.0;955.0
117500;1655.0;714.0;941.0
117600;1627.0;714.0;913.0
117700;1690.0;749.0;941.0
117800;1690.0;749.0;941.0
117900;1690.0;749.0;941.0
118000;1664.0;737.0;927.0
118100;1690.0;749.0;941.0
118200;1676.0;749.0;927.0
118300;1662.0;749.0;913.0
118400;1648.0;749.0;899.0
118500;1620.0;749.0;871.0
118600;1620.0;749.0;871.0
118700;1634.0;749.0;885.0
118800;1648.0;749.0;899.0
118900;1546.5;749.0;797.5
119000;1686.5;749.0;937.5
119100;1686.5;749.0;937.5
119200;1669.0;749.0;920.0
119300;1651.5;749.0;902.5
119400;1651.5;749.0;902.5
119500;1634.0;749.0;885.0
119600;1651.5;749.0;902.5
119700;1651.5;749.0;902.5
119800;1669.0;749.0;920.0
119900;1686.5;749.0;937.5
120000;1686.5;749.0;937.5
120100;1686.5;749.0;937.5
120200;1686.5;749.0;937.5
120300;1704.0;749.0;955.0
120400;1686.5;749.0;937.5
120500;1669.0;749.0;920.0
120600;1651.5;749.0;902.5
120700;1651.5;749.0;902.5
120800;1668.0;749.0;919.0
120900;1668.0;749.0;919.0
121000;1668.0;749.0;919.0
121100;1684.0;749.0;935.0
121200;1684.0;749.0;935.0
121300;1700.0;749.0;951.0
121400;1700.0;749.0;951.0
121500;1684.0;749.0;935.0
121600;1672.0;737.0;935.0
121700;1684.0;749.0;935.0
121800;1684.0;749.0;935.0
121900;1668.0;749.0;919.0
122000;1684.0;749.0;935.0
122100;1684.0;749.0;935.0
122200;1684.0;749.0;935.0
122300;1668.0;749.0;919.0
122400;1668.0;749.0;919.0
122500;1652.0;749.0;903.0
122600;1636.0;749.0;887.0
122700;1636.0;749.0;887.0
122800;1636.0;749.0;887.0
122900;1658.0;749.0;909.0
123000;1676.0;749.0;927.0
123100;1766.0;749.0;1017.0
123200;1658.0;749.0;909.0
123300;1622.0;749.0;873.0
123400;1622.0;749.0;873.0
123500;1604.0;749.0;855.0
123600;1604.0;749.0;855.0
123700;1586.0;749.0;837.0
123800;1586.0;749.0;837.0
123900;1604.0;749.0;855.0
124000;1586.0;749.0;837.0
124100;1622.0;749.0;873.0
124200;1568.0;749.0;819.0
124300;1699.0;749.0;950.0
124400;1566.0;749.0;817.0
124500;1585.0;749.0;836.0
124600;1604.0;749.0;855.0
124700;1642.0;749.0;893.0
124800;1509.0;749.0;760.0
124900;1642.0;749.0;893.0
125000;1623.0;749.0;874.0
125100;1604.0;749.0;855.0
125200;1737.0;749.0;988.0
125300;1566.0;749.0;817.0
125400;1566.0;749.0;817.0
125500;1566.0;749.0;817.0
125600;1566.0;749.0;817.0
125700;1585.0;749.0;836.0
125800;1554.0;737.0;817.0
125900;1642.0;749.0;893.0
126000;1547.0;749.0;798.0
126100;1566.0;749.0;817.0
126200;1566.0;749.0;817.0
126300;1566.0;749.0;817.0
126400;1604.0;749.0;855.0
126500;1623.0;749.0;874.0
126600;1604.0;749.0;855.0
126700;1604.0;749.0;855.0
126800;1604.0;749.0;855.0
126900;1623.0;749.0;874.0
127000;1604.0;749.0;855.0
127100;1585.0;749.0;836.0
127200;1566.0;749.0;817.0
127300;1566.0;749.0;817.0
127400;1547.0;749.0;798.0
127500;1585.0;749.0;836.0
127600;1547.0;749.0;798.0
127700;1566.0;749.0;817.0
127800;1452.0;749.0;703.0
127900;1566.0;749.0;817.0
128000;1718.0;749.0;969.0
128100;1471.0;749.0;722.0
128200;1585.0;749.0;836.0
128300;1585.0;749.0;836.0
128400;1604.0;749.0;855.0
128500;1604.0;749.0;855.0
128600;1604.0;749.0;855.0
128700;1634.0;749.0;885.0
128800;1634.0;749.0;885.0
128900;1614.0;749.0;865.0
129000;1614.0;749.0;865.0
129100;1654.0;749.0;905.0
129200;1634.0;749.0;885.0
129300;1614.0;749.0;865.0
129400;1574.0;749.0;825.0
129500;1574.0;749.0;825.0
129600;1594.0;749.0;845.0
129700;1474.0;749.0;725.0
129800;1634.0;749.0;885.0
129900;1614.0;749.0;865.0
130000;1614.0;749.0;865.0
130100;1592.0;749.0;843.0
130200;1592.0;749.0;843.0
130300;1573.5;749.0;824.5
130400;1617.0;737.0;880.0
130500;1555.0;749.0;806.0
130600;1536.5;749.0;787.5
130700;1536.5;749.0;787.5
130800;1536.5;749.0;787.5
130900;1536.5;749.0;787.5
131000;1536.5;749.0;787.5
131100;1536.5;749.0;787.5
131200;1518.0;749.0;769.0
131300;1536.5;749.0;787.5
131400;1536.5;749.0;787.5
131500;1573.5;749.0;824.5
131600;1703.0;749.0;954.0
131700;1573.5;749.0;824.5
131800;1592.0;749.0;843.0
131900;1573.5;749.0;824.5
132000;1573.5;749.0;824.5
132100;1592.0;749.0;843.0
132200;1610.5;749.0;861.5
132300;1610.5;749.0;861.5
132400;1647.5;749.0;898.5
132500;1629.0;749.0;880.0
132600;1610.5;749.0;861.5
132700;1629.0;749.0;880.0
132800;1647.5;749.0;898.5
132900;1629.0;749.0;880.0
133000;1647.5;749.0;898.5
133100;1666.0;749.0;917.0
133200;1629.0;749.0;880.0
133300;1629.0;749.0;880.0
133400;1740.0;749.0;991.0
133500;1629.0;749.0;880.0
133600;1666.0;749.0;917.0
133700;1629.0;749.0;880.0
133800;1647.5;749.0;898.5
133900;1629.0;749.0;880.0
134000;1610.5;749.0;861.5
134100;1629.0;749.0;880.0
134200;1598.5;737.0;861.5
134300;1592.0;749.0;843.0
134400;1721.5;749.0;972.5
134500;1573.5;749.0;824.5
134600;1592.0;749.0;843.0
134700;1580.0;737.0;843.0
134800;1573.5;749.0;824.5
134900;1579.0;749.0;830.0
135000;1599.5;749.0;850.5
135100;1579.0;749.0;830.0
135200;1599.5;749.0;850.5
135300;1599.5;749.0;850.5
135400;1599.5;749.0;850.5
135500;1599.5;749.0;850.5
135600;1587.5;737.0;850.5
135700;1579.0;749.0;830.0
135800;1435.5;749.0;686.5
135900;1599.5;749.0;850.5
136000;1620.0;749.0;871.0
136100;1640.5;749.0;891.5
136200;1661.0;749.0;912.0
136300;1661.0;749.0;912.0
136400;1661.0;749.0;912.0
136500;1620.0;749.0;871.0
136600;1640.5;749.0;891.5
136700;1579.0;749.0;830.0
136800;1599.5;749.0;850.5
136900;1599.5;749.0;850.5
137000;1599.5;749.0;850.5
137100;1599.5;749.0;850.5
137200;1640.5;749.0;891.5
137300;1640.5;749.0;891.5
137400;1661.0;749.0;912.0
137500;1661.0;749.0;912.0
137600;1661.0;749.0;912.0
137700;1661.0;749.0;912.0
137800;1681.5;749.0;932.5
137900;1702.0;749.0;953.0
138000;1702.0;749.0;953.0
138100;1661.0;749.0;912.0
138200;1640.5;749.0;891.5
138300;1661.0;749.0;912.0
138400;1702.0;749.0;953.0
138500;1681.5;749.0;932.5
138600;1661.0;749.0;912.0
138700;1661.0;749.0;912.0
138800;1661.0;749.0;912.0
138900;1640.5;749.0;891.5
139000;1661.0;749.0;912.0
139100;1743.0;749.0;994.0
139200;1640.5;749.0;891.5
139300;1640.5;749.0;891.5
139400;1640.5;749.0;891.5
139500;1657.0;749.0;908.0
139600;1676.0;749.0;927.0
139700;1695.0;749.0;946.0
139800;1695.0;749.0;946.0
139900;1676.0;749.0;927.0
140000;1657.0;749.0;908.0
140100;1657.0;749.0;908.0
140200;1619.0;749.0;870.0
140300;1600.0;749.0;851.0
140400;1600.0;749.0;851.0
140500;1619.0;749.0;870.0
140600;1638.0;749.0;889.0
140700;1657.0;749.0;908.0
140800;1657.0;749.0;908.0
140900;1714.0;749.0;965.0
141000;1733.0;749.0;984.0
141100;1714.0;749.0;965.0
141200;1733.0;749.0;984.0
141300;1847.0;749.0;1098.0
141400;1752.0;749.0;1003.0
141500;1733.0;749.0;984.0
141600;1733.0;749.0;984.0
141700;1752.0;749.0;1003.0
141800;1752.0;749.0;1003.0
141900;1733.0;749.0;984.0
142000;1695.0;749.0;946.0
142100;1657.0;749.0;908.0
142200;1669.0;761.0;908.0
142300;1697.0;770.0;927.0
142400;1716.0;770.0;946.0
142500;1697.0;770.0;927.0
142600;1716.0;770.0;946.0
142700;1716.0;770.0;946.0
142800;1697.0;770.0;927.0
142900;1678.0;770.0;908.0
143000;1678.0;770.0;908.0
143100;1659.0;770.0;889.0
143200;1640.0;770.0;870.0
143300;1640.0;770.0;870.0
143400;1640.0;770.0;870.0
143500;1640.0;770.0;870.0
143600;1640.0;770.0;870.0
143700;1656.5;770.0;886.5
143800;1639.0;770.0;869.0
143900;1744.0;770.0;974.0
144000;1621.5;770.0;851.5
144100;1639.0;770.0;869.0
144200;1674.0;770.0;904.0
144300;1691.5;770.0;921.5
144400;1674.0;770.0;904.0
144500;1656.5;770.0;886.5
144600;1639.0;770.0;869.0
144700;1656.5;770.0;886.5
144800;1674.0;770.0;904.0
144900;1639.0;770.0;869.0
145000;1674.0;770.0;904.0
145100;1639.0;770.0;869.0
145200;1656.5;770.0;886.5
145300;1656.5;770.0;886.5
145400;1639.0;770.0;869.0
145500;1656.5;770.0;886.5
145600;1674.0;770.0;904.0
145700;1674.0;770.0;904.0
145800;1656.5;770.0;886.5
145900;1656.5;770.0;886.5
146000;1656.5;770.0;886.5
146100;1656.5;770.0;886.5
146200;1639.0;770.0;869.0
146300;1621.5;770.0;851.5
146400;1639.0;770.0;869.0
146500;1639.0;770.0;869.0
146600;1621.5;770.0;851.5
146700;1639.0;770.0;869.0
146800;1639.0;770.0;869.0
146900;1621.5;770.0;851.5
147000;1621.5;770.0;851.5
147100;1621.5;770.0;851.5
147200;1621.5;770.0;851.5
147300;1656.5;770.0;886.5
147400;1639.0;770.0;869.0
147500;1681.0;812.0;869.0
147600;1663.5;812.0;851.5
147700;1681.0;812.0;869.0
147800;1663.5;812.0;851.5
147900;1646.0;812.0;834.0
148000;1663.5;812.0;851.5
148100;1646.0;812.0;834.0
148200;1698.5;847.0;851.5
148300;1716.0;847.0;869.0
148400;1698.5;847.0;851.5
148500;1716.0;847.0;869.0
148600;1698.5;847.0;851.5
148700;1681.0;847.0;834.0
148800;1698.5;847.0;851.5
148900;1698.5;847.0;851.5
149000;1733.5;847.0;886.5
149100;1733.5;847.0;886.5
149200;1716.0;847.0;869.0
149300;1663.5;847.0;816.5
149400;1681.0;847.0;834.0
149500;1663.5;847.0;816.5
149600;1663.5;847.0;816.5
149700;1523.5;847.0;676.5
149800;1646.0;847.0;799.0
149900;1688.5;872.0;816.5
150000;1671.0;872.0;799.0
150100;1677.5;896.0;781.5
150200;1677.5;896.0;781.5
150300;1677.5;896.0;781.5
150400;1660.0;896.0;764.0
150500;1677.5;896.0;781.5
150600;1677.5;896.0;781.5
150700;1660.0;896.0;764.0
150800;1677.5;896.0;781.5
150900;1695.0;896.0;799.0
151000;1695.0;896.0;799.0
151100;1695.0;896.0;799.0
151200;1712.5;896.0;816.5
151300;1695.0;896.0;799.0
151400;1712.5;896.0;816.5
151500;1712.5;896.0;816.5
151600;1695.0;896.0;799.0
151700;1712.5;896.0;816.5
151800;1712.5;896.0;816.5
151900;1695.0;896.0;799.0
152000;1800.0;896.0;904.0
152100;1677.5;896.0;781.5
152200;1677.5;896.0;781.5
152300;1677.5;896.0;781.5
152400;1695.0;896.0;799.0
152500;1712.5;896.0;816.5
152600;1747.5;896.0;851.5
152700;1730.0;896.0;834.0
152800;1695.0;896.0;799.0
152900;1677.5;896.0;781.5
153000;1677.5;896.0;781.5
153100;1695.0;896.0;799.0
153200;1660.0;896.0;764.0
153300;1677.5;896.0;781.5
153400;1660.0;896.0;764.0
153500;1660.0;896.0;764.0
153600;1672.0;896.0;776.0
153700;1653.5;896.0;757.5
153800;1611.0;872.0;739.0
153900;1635.0;896.0;739.0
154000;1635.0;896.0;739.0
154100;1635.0;896.0;739.0
154200;1653.5;896.0;757.5
154300;1690.5;896.0;794.5
154400;1709.0;896.0;813.0
154500;1746.0;896.0;850.0
154600;1746.0;896.0;850.0
154700;1746.0;896.0;850.0
154800;1764.5;896.0;868.5
154900;1764.5;896.0;868.5
155000;1783.0;896.0;887.0
155100;1764.5;896.0;868.5
155200;1783.0;896.0;887.0
155300;1783.0;896.0;887.0
155400;1783.0;896.0;887.0
155500;1801.5;896.0;905.5
155600;1783.0;896.0;887.0
155700;1783.0;896.0;887.0
155800;1792.0;896.0;896.0
155900;1787.5;896.0;891.5
156000;1787.5;896.0;891.5
156100;1806.0;896.0;910.0
156200;1824.5;896.0;928.5
156300;1806.0;896.0;910.0
156400;1787.5;896.0;891.5
156500;1787.5;896.0;891.5
156600;1769.0;896.0;873.0
156700;1787.5;896.0;891.5
156800;1772.5;896.0;876.5
156900;1793.0;896.0;897.0
157000;1916.0;896.0;1020.0
157100;1793.0;896.0;897.0
157200;1793.0;896.0;897.0
157300;1793.0;896.0;897.0
157400;1793.0;896.0;897.0
157500;1813.5;896.0;917.5
157600;1752.0;896.0;856.0
157700;1731.5;896.0;835.5
157800;1731.5;896.0;835.5
157900;1731.5;896.0;835.5
158000;1690.5;896.0;794.5
158100;1834.0;896.0;938.0
158200;1670.0;896.0;774.0
158300;1670.0;896.0;774.0
158400;1670.5;917.0;753.5
158500;1568.0;917.0;651.0
158600;1568.0;917.0;651.0
158700;1568.0;917.0;651.0
158800;1547.5;917.0;630.5
158900;1527.0;917.0;610.0
159000;1547.5;917.0;630.5
159100;1547.5;917.0;630.5
159200;1588.5;917.0;671.5
159300;1588.5;917.0;671.5
159400;1568.0;917.0;651.0
159500;1547.5;917.0;630.5
159600;1547.5;917.0;630.5
159700;1547.5;917.0;630.5
159800;1527.0;917.0;610.0
159900;1568.0;917.0;651.0
160000;1670.5;917.0;753.5
160100;1650.0;917.0;733.0
160200;1588.5;917.0;671.5
160300;1621.0;917.0;704.0
160400;1640.5;917.0;723.5
160500;1640.5;917.0;723.5
160600;1601.5;917.0;684.5
160700;1601.5;917.0;684.5
160800;1562.5;917.0;645.5
160900;1562.5;917.0;645.5
161000;1562.5;917.0;645.5
161100;1582.0;917.0;665.0
161200;1562.5;917.0;645.5
161300;1562.5;917.0;645.5
161400;1562.5;917.0;645.5
161500;1590.0;917.0;673.0
161600;1585.0;917.0;668.0
161700;1567.0;917.0;650.0
161800;1567.0;917.0;650.0
161900;1603.0;917.0;686.0
162000;1585.0;917.0;668.0
162100;1603.0;917.0;686.0
162200;1585.0;917.0;668.0
162300;1567.0;917.0;650.0
162400;1567.0;917.0;650.0
162500;1567.0;917.0;650.0
162600;1549.0;917.0;632.0
162700;1549.0;917.0;632.0
162800;1567.0;917.0;650.0
162900;1561.0;929.0;632.0
163000;1469.0;945.0;524.0
163100;1577.0;945.0;632.0
163200;1595.0;945.0;650.0
163300;1631.0;945.0;686.0
163400;1631.0;945.0;686.0
163500;1631.0;945.0;686.0
163600;1631.0;945.0;686.0
163700;1631.0;945.0;686.0
163800;1649.0;945.0;704.0
163900;1721.0;945.0;776.0
164000;1631.0;945.0;686.0
164100;1642.0;945.0;697.0
164200;1629.0;949.0;680.0
164300;1676.0;945.0;731.0
164400;1642.0;945.0;697.0
164500;1642.0;945.0;697.0
164600;1625.0;945.0;680.0
164700;1642.0;945.0;697.0
164800;1659.0;945.0;714.0
164900;1676.0;945.0;731.0
165000;1697.0;949.0;748.0
165100;1693.0;945.0;748.0
165200;1540.0;945.0;595.0
165300;1737.5;945.0;792.5
165400;1718.0;945.0;773.0
165500;1698.5;945.0;753.5
165600;1620.5;945.0;675.5
165700;1757.0;945.0;812.0
165800;1776.5;945.0;831.5
165900;1796.0;945.0;851.0
166000;1796.0;945.0;851.0
166100;1815.5;945.0;870.5
166200;1776.5;945.0;831.5
166300;1776.5;945.0;831.5
166400;1815.5;945.0;870.5
166500;1796.0;945.0;851.0
166600;1815.5;945.0;870.5
166700;1815.5;945.0;870.5
166800;1835.0;945.0;890.0
166900;1854.5;945.0;909.5
167000;1854.5;945.0;909.5
167100;1874.0;945.0;929.0
167200;1854.5;945.0;909.5
167300;1874.0;945.0;929.0
167400;1874.0;945.0;929.0
167500;1893.5;945.0;948.5
167600;1874.0;945.0;929.0
167700;1854.5;945.0;909.5
167800;1815.5;945.0;870.5
167900;1815.5;945.0;870.5
168000;1835.0;945.0;890.0
168100;1835.0;945.0;890.0
168200;1854.5;945.0;909.5
168300;1815.5;945.0;870.5
168400;1811.5;941.0;870.5
168500;1854.5;945.0;909.5
168600;1835.0;945.0;890.0
168700;1815.5;945.0;870.5
168800;1776.5;945.0;831.5
168900;1952.0;945.0;1007.0
169000;1644.5;945.0;699.5
169100;1859.0;945.0;914.0
169200;1906.0;945.0;961.0
169300;1906.0;945.0;961.0
169400;1906.0;945.0;961.0
169500;1882.5;945.0;937.5
169600;1859.0;945.0;914.0
169700;1859.0;945.0;914.0
169800;1859.0;945.0;914.0
169900;2000.0;945.0;1055.0
170000;1835.5;945.0;890.5
170100;1835.5;945.0;890.5
170200;1812.0;945.0;867.0
170300;1694.5;945.0;749.5
170400;1859.0;945.0;914.0
170500;1835.5;945.0;890.5
170600;1859.0;945.0;914.0
170700;1859.0;945.0;914.0
170800;1906.0;945.0;961.0
170900;1906.0;945.0;961.0
171000;1882.5;945.0;937.5
171100;1882.5;945.0;937.5
171200;1859.0;945.0;914.0
171300;1906.0;945.0;961.0
171400;1877.0;945.0;932.0
171500;1902.0;945.0;957.0
171600;1852.0;945.0;907.0
171700;1877.0;945.0;932.0
171800;1902.0;945.0;957.0
171900;2027.0;945.0;1082.0
172000;1877.0;945.0;932.0
172100;1852.0;945.0;907.0
172200;1929.5;945.0;984.5
172300;1907.0;945.0;962.0
172400;1884.5;945.0;939.5
172500;1884.5;945.0;939.5
172600;1940.5;945.0;995.5
172700;2105.0;945.0;1160.0
172800;1940.5;945.0;995.5
172900;1964.0;945.0;1019.0
173000;1987.5;945.0;1042.5
173100;2011.0;945.0;1066.0
173200;2034.5;945.0;1089.5
173300;2058.0;945.0;1113.0
173400;2058.0;945.0;1113.0
173500;2058.0;945.0;1113.0
173600;2105.0;945.0;1160.0
173700;2058.0;945.0;1113.0
173800;2105.0;945.0;1160.0
173900;2128.5;945.0;1183.5
174000;2128.5;945.0;1183.5
174100;2152.0;945.0;1207.0
174200;2152.0;945.0;1207.0
174300;2101.0;941.0;1160.0
174400;2081.5;945.0;1136.5
174500;2081.5;945.0;1136.5
174600;2092.5;945.0;1147.5
174700;2070.0;945.0;1125.0
174800;2092.5;945.0;1147.5
174900;2047.5;945.0;1102.5
175000;2047.5;945.0;1102.5
175100;2070.0;945.0;1125.0
175200;2092.5;945.0;1147.5
175300;2092.5;945.0;1147.5
175400;2092.5;945.0;1147.5
175500;2070.0;945.0;1125.0
175600;2047.5;945.0;1102.5
175700;2047.5;945.0;1102.5
175800;2070.0;945.0;1125.0
175900;2070.0;945.0;1125.0
176000;2112.0;987.0;1125.0
176100;2089.5;987.0;1102.5
176200;2112.0;987.0;1125.0
176300;2089.5;987.0;1102.5
176400;2112.0;987.0;1125.0
176500;2157.0;987.0;1170.0
176600;2112.0;987.0;1125.0
176700;2134.5;987.0;1147.5
176800;2134.5;987.0;1147.5
176900;2156.5;987.0;1169.5
177000;2156.5;987.0;1169.5
177100;2181.0;987.0;1194.0
177200;2132.0;987.0;1145.0
177300;2124.0;987.0;1137.0
177400;2124.0;987.0;1137.0
177500;2098.0;987.0;1111.0
177600;2150.0;987.0;1163.0
177700;2124.0;987.0;1137.0
177800;2124.0;987.0;1137.0
177900;2124.0;987.0;1137.0
178000;2124.0;987.0;1137.0
178100;2124.0;987.0;1137.0
178200;2124.0;987.0;1137.0
178300;2176.0;987.0;1189.0
178400;2176.0;987.0;1189.0
178500;2202.0;987.0;1215.0
178600;2202.0;987.0;1215.0
178700;2202.0;987.0;1215.0
178800;2150.0;987.0;1163.0
178900;2176.0;987.0;1189.0
179000;2176.0;987.0;1189.0
179100;2150.0;987.0;1163.0
179200;2124.0;987.0;1137.0
179300;2098.0;987.0;1111.0
179400;2249.0;1008.0;1241.0
179500;2093.0;1008.0;1085.0
179600;2067.0;1008.0;1059.0
179700;2067.0;1008.0;1059.0
179800;2041.0;1008.0;1033.0
179900;2052.0;1008.0;1044.0
180000;2025.0;1008.0;1017.0
180100;2025.0;1008.0;1017.0
180200;2025.0;1008.0;1017.0
180300;1998.0;1008.0;990.0
180400;1944.0;1008.0;936.0
180500;1944.0;1008.0;936.0
180600;1713.0;1008.0;705.0
180700;1983.0;1008.0;975.0
180800;2073.0;1008.0;1065.0
180900;2073.0;1008.0;1065.0
181000;2063.0;968.0;1095.0
181100;2103.0;1008.0;1095.0
181200;2103.0;1008.0;1095.0
181300;2103.0;1008.0;1095.0
181400;2043.0;1008.0;1035.0
181500;1983.0;1008.0;975.0
181600;2001.0;1008.0;993.0
181700;2032.5;1008.0;1024.5
181800;2032.5;1008.0;1024.5
181900;2064.0;1008.0;1056.0
182000;2127.0;1008.0;1119.0
182100;2158.5;1008.0;1150.5
182200;2190.0;1008.0;1182.0
182300;2032.5;1008.0;1024.5
182400;1875.0;1008.0;867.0
182500;2095.5;1008.0;1087.5
182600;2064.0;1008.0;1056.0
182700;2064.0;1008.0;1056.0
182800;1906.5;1008.0;898.5
182900;2064.0;1008.0;1056.0
183000;2095.5;1008.0;1087.5
183100;2064.0;1008.0;1056.0
183200;2064.0;1008.0;1056.0
183300;2095.5;1008.0;1087.5
183400;2064.0;1008.0;1056.0
183500;2095.5;1008.0;1087.5
183600;2127.0;1008.0;1119.0
183700;2127.0;1008.0;1119.0
183800;2158.5;1008.0;1150.5
183900;2127.0;1008.0;1119.0
184000;2095.5;1008.0;1087.5
184100;2127.0;1008.0;1119.0
184200;2127.0;1008.0;1119.0
184300;2095.5;1008.0;1087.5
184400;2032.5;1008.0;1024.5
184500;2032.5;1008.0;1024.5
184600;2095.5;1008.0;1087.5
184700;2095.5;1008.0;1087.5
184800;2095.5;1008.0;1087.5
184900;2095.5;1008.0;1087.5
185000;2095.5;1008.0;1087.5
185100;2151.0;1008.0;1143.0
185200;2218.0;1008.0;1210.0
185300;2260.0;1050.0;1210.0
185400;2193.0;1050.0;1143.0
185500;2260.0;1050.0;1210.0
185600;2315.5;1050.0;1265.5
185700;2564.0;1050.0;1514.0
185800;2386.5;1050.0;1336.5
185900;2351.0;1050.0;1301.0
186000;2386.5;1050.0;1336.5
186100;2422.0;1050.0;1372.0
186200;2386.5;1050.0;1336.5
186300;2351.0;1050.0;1301.0
186400;2422.0;1050.0;1372.0
186500;2422.0;1050.0;1372.0
186600;2322.5;986.0;1336.5
186700;2351.0;1050.0;1301.0
186800;2386.5;1050.0;1336.5
186900;2422.0;1050.0;1372.0
187000;2422.0;1050.0;1372.0
187100;2493.0;1050.0;1443.0
187200;2706.0;1050.0;1656.0
187300;2564.0;1050.0;1514.0
187400;2564.0;1050.0;1514.0
187500;2564.0;1050.0;1514.0
187600;2599.5;1050.0;1549.5
187700;2635.0;1050.0;1585.0
187800;2681.5;1050.0;1631.5
187900;2645.0;1050.0;1595.0
188000;2645.0;1050.0;1595.0
188100;2645.0;1050.0;1595.0
188200;2426.0;1050.0;1376.0
188300;2681.5;1050.0;1631.5
188400;2645.0;1050.0;1595.0
188500;2681.5;1050.0;1631.5
188600;2718.0;1050.0;1668.0
188700;2718.0;1050.0;1668.0
188800;2681.5;1050.0;1631.5
188900;2608.5;1050.0;1558.5
189000;2280.0;1050.0;1230.0
189100;2572.0;1050.0;1522.0
189200;2572.0;1050.0;1522.0
189300;2499.0;1050.0;1449.0
189400;2535.5;1050.0;1485.5
189500;2462.5;1050.0;1412.5
189600;2316.5;1050.0;1266.5
189700;2462.5;1050.0;1412.5
189800;2535.5;1050.0;1485.5
189900;2572.0;1050.0;1522.0
190000;2608.5;1050.0;1558.5
190100;2608.5;1050.0;1558.5
190200;2608.5;1050.0;1558.5
190300;2608.5;1050.0;1558.5
190400;2572.0;1050.0;1522.0
190500;2499.0;1050.0;1449.0
190600;2572.0;1050.0;1522.0
190700;2535.5;1050.0;1485.5
190800;2499.0;1050.0;1449.0
190900;2499.0;1050.0;1449.0
191000;2462.5;1050.0;1412.5
191100;2535.5;1050.0;1485.5
191200;2462.5;1050.0;1412.5
191300;2499.0;1050.0;1449.0
191400;2499.0;1050.0;1449.0
191500;2499.0;1050.0;1449.0
191600;2535.5;1050.0;1485.5
191700;2499.0;1050.0;1449.0
191800;2499.0;1050.0;1449.0
191900;2499.0;1050.0;1449.0
192000;2535.5;1050.0;1485.5
192100;2535.5;1050.0;1485.5
192200;2462.5;1050.0;1412.5
192300;2426.0;1050.0;1376.0
192400;2426.0;1050.0;1376.0
192500;2462.5;1050.0;1412.5
192600;2462.5;1050.0;1412.5
192700;2353.0;1050.0;1303.0
192800;2316.5;1050.0;1266.5
192900;2572.0;1050.0;1522.0
193000;2110.0;1050.0;1060.0
193100;2383.0;1050.0;1333.0
193200;2500.0;1050.0;1450.0
193300;2500.0;1050.0;1450.0
193400;2422.0;1050.0;1372.0
193500;2383.0;1050.0;1333.0
193600;2422.0;1050.0;1372.0
193700;2422.0;1050.0;1372.0
193800;2422.0;1050.0;1372.0
193900;2433.0;1050.0;1383.0
194000;2513.0;1050.0;1463.0
194100;2393.0;1050.0;1343.0
194200;2393.0;1050.0;1343.0
194300;2313.0;1050.0;1263.0
194400;2313.0;1050.0;1263.0
194500;2313.0;1050.0;1263.0
194600;2313.0;1050.0;1263.0
194700;2273.0;1050.0;1223.0
194800;2233.0;1050.0;1183.0
194900;2273.0;1050.0;1223.0
195000;2233.0;1050.0;1183.0
195100;2273.0;1050.0;1223.0
195200;2297.0;1114.0;1183.0
195300;2273.0;1050.0;1223.0
195400;2273.0;1050.0;1223.0
195500;2313.0;1050.0;1263.0
195600;2353.0;1050.0;1303.0
195700;2393.0;1050.0;1343.0
195800;2393.0;1050.0;1343.0
195900;2405.0;1050.0;1355.0
196000;2483.0;1050.0;1433.0
196100;2561.0;1050.0;1511.0
196200;2561.0;1050.0;1511.0
196300;2561.0;1050.0;1511.0
196400;2327.0;1050.0;1277.0
196500;2561.0;1050.0;1511.0
196600;2483.0;1050.0;1433.0
196700;2483.0;1050.0;1433.0
196800;2717.0;1050.0;1667.0
196900;2561.0;1050.0;1511.0
197000;2561.0;1050.0;1511.0
197100;2600.0;1050.0;1550.0
197200;2561.0;1050.0;1511.0
197300;2483.0;1050.0;1433.0
197400;2483.0;1050.0;1433.0
197500;2522.0;1050.0;1472.0
197600;2522.0;1050.0;1472.0
197700;2522.0;1050.0;1472.0
197800;2561.0;1050.0;1511.0
197900;2600.0;1050.0;1550.0
198000;2639.0;1050.0;1589.0
198100;2600.0;1050.0;1550.0
198200;2561.0;1050.0;1511.0
198300;2561.0;1050.0;1511.0
198400;2639.0;1050.0;1589.0
198500;2747.0;1050.0;1697.0
198600;2783.5;1050.0;1733.5
198700;2783.5;1050.0;1733.5
198800;2747.0;1050.0;1697.0
198900;2747.0;1050.0;1697.0
199000;2783.5;1050.0;1733.5
199100;2783.5;1050.0;1733.5
199200;2747.0;1050.0;1697.0
199300;2710.5;1050.0;1660.5
199400;2710.5;1050.0;1660.5
199500;2747.0;1050.0;1697.0
199600;2747.0;1050.0;1697.0
199700;2783.5;1050.0;1733.5
199800;2783.5;1050.0;1733.5
199900;2856.5;1050.0;1806.5
